1stFlrSF,2ndFlrSF,BsmtFinSF1,GarageArea,GrLivArea,LotArea,OverallCond,OverallQual,TotalBsmtSF,YearBuilt,SalePrice
1828,0.0,48,774,1828,11694,5,9,1822,2007,314813
894,0.0,0,308,894,6600,5,5,894,1962,109500
964,0.0,713,432,964,13360,7,5,876,1921,163500
1689,0.0,1218,857,1689,13265,5,8,1568,2002,271000
1541,0.0,0,843,1541,13704,5,7,1541,2001,205000
1221,0.0,410,400,1221,7500,5,7,1221,2004,185000
1324,0.0,643,440,1324,8658,5,6,1088,1965,160000
696,720.0,604,484,1416,2572,5,7,696,1999,155000
526,462.0,462,297,988,1596,5,4,462,1973,91000
869,349.0,375,440,1218,6000,6,6,735,1941,131000
760,896.0,0,397,1656,6931,5,7,746,2003,165400
1362,0.0,20,460,1362,7577,5,6,1362,2005,194700
1051,788.0,0,442,1839,7700,5,6,756,1966,155000
1375,0.0,0,451,1375,11310,5,6,1367,1954,140000
1122,348.5240174672489,144,528,1122,12000,7,5,924,1948,147000
1432,0.0,680,588,1432,16157,7,5,1360,1978,194000
728,728.0,0,400,1456,9018,5,7,728,2007,179540
1217,0.0,611,497,1217,9947,5,7,1188,1990,173000
1040,0.0,0,625,1040,7200,7,5,0,1950,109500
612,612.0,294,528,1224,3000,5,6,612,2009,173733
1022,752.0,0,468,1774,6120,5,7,952,1931,129900
961,406.0,241,384,1367,8405,8,5,861,1900,119000
803,557.0,0,297,1360,7200,6,5,803,1938,125500
848,0.0,697,420,848,4426,5,6,848,2004,149300
1482,780.0,871,749,2262,12244,5,8,1482,2003,305000
1220,0.0,836,396,1220,8877,5,4,836,1951,102000
1414,0.0,0,398,1414,3072,5,7,1375,2004,178740
1134,924.0,319,396,2058,9600,5,6,735,1917,129500
1088,110.0,0,0,1198,5586,7,6,901,1920,79900
1659,0.0,1158,499,1659,5664,5,8,1501,2000,278000
1012,0.0,0,308,1012,8263,5,6,1012,1920,118400
1687,998.0,523,672,3082,15863,3,7,824,1920,197000
1032,348.5240174672489,0,672,1812,7630,9,5,360,1900,140000
1057,872.0,738,650,1929,7050,5,7,1057,2001,226000
954,0.0,483,576,954,10780,5,5,911,1976,132500
1838,0.0,1260,765,1838,14601,5,9,1838,2006,315000
1640,0.0,728,924,1640,14778,7,6,1296,1954,224000
1148,0.0,1148,672,1148,7931,5,5,1148,1959,132500
950,0.0,412,280,950,9758,5,5,950,1971,119500
1065,846.0,380,471,1911,9554,5,8,777,1993,215000
915,720.0,300,440,1635,8737,7,6,1065,1923,210000
1316,0.0,0,440,1316,11175,5,7,1316,2007,200141
1442,0.0,0,615,1442,11717,6,6,1442,1970,185000
1078,0.0,734,500,1078,12537,6,5,1078,1971,149900
1120,0.0,932,544,1120,6970,5,4,1040,1961,129000
779,640.0,353,527,1419,7750,5,8,408,2002,184100
707,682.0,0,240,1389,3378,8,7,651,1946,135000
1063,0.0,354,280,1063,9920,5,5,1056,1954,128000
1792,0.0,1567,874,1792,11846,5,9,1792,2003,374000
1216,348.5240174672489,897,402,1216,4500,5,6,1216,1998,164000
998,764.0,0,576,1762,7200,7,7,596,1920,157000
847,1112.0,0,434,1959,11796,5,7,847,2004,215000
1208,348.5240174672489,767,546,1208,11250,6,6,1208,1977,165000
874,650.0,460,315,1524,11344,5,5,874,1958,144000
796,358.0,735,240,1154,5436,8,4,796,1922,125500
1048,0.0,0,420,1048,7200,5,5,0,1950,98300
886,0.0,0,273,886,5784,8,5,190,1938,91300
943,0.0,943,600,943,7032,5,5,943,1979,135960
866,902.0,400,603,1768,9803,5,7,866,2005,226700
1422,1177.0,0,779,2599,14774,5,9,1393,1999,333168
912,0.0,456,275,912,10150,5,5,912,1958,114500
882,0.0,0,308,882,12702,5,5,0,1956,97000
1337,0.0,266,511,1337,4060,5,6,1405,1998,181000
2076,0.0,1386,850,2076,13891,5,10,2076,2006,465000
1328,1203.0,56,752,2531,12257,5,8,1318,1995,290000
981,787.0,569,240,1768,7200,7,5,731,1937,175000
1625,0.0,1573,538,1625,4750,5,8,1573,2006,235000
1444,700.0,697,389,2144,159000,7,6,1444,1958,277000
1521,348.5240174672489,0,880,2775,13500,9,10,1237,1893,325000
1140,728.0,0,477,1868,12090,7,6,585,1984,178000
1525,0.0,1400,541,1525,9100,5,7,1525,2000,235000
1571,0.0,0,722,1571,10991,5,8,1571,2007,239000
796,0.0,0,0,796,8777,7,5,796,1910,85000
1378,994.0,0,432,2372,6600,4,5,994,1892,107500
802,670.0,0,402,1472,10784,5,7,384,1991,160000
960,0.0,648,364,960,10246,9,4,648,1965,145000
734,1104.0,0,372,1838,21930,5,5,732,2005,192140
1309,0.0,663,484,1309,10140,6,6,1040,1974,181000
2069,574.0,0,694,2643,13693,5,9,2153,2006,380000
676,455.0,0,200,1131,5720,6,5,676,1941,66500
960,1000.0,0,400,1960,7596,5,5,960,1952,124500
1144,0.0,25,336,1144,9204,5,5,1144,1963,124000
1056,0.0,1056,576,1056,6979,5,6,1056,1980,144000
693,0.0,0,0,693,4118,4,4,693,1941,52500
1494,0.0,1200,576,1494,9236,5,6,1479,1997,217000
1646,0.0,1373,482,1646,3842,5,8,1594,2004,275000
864,0.0,390,352,864,7180,7,5,864,1972,127000
1566,0.0,1078,750,1566,9000,5,8,1566,2008,262500
735,660.0,593,497,1395,12936,6,6,723,1972,162000
848,0.0,152,539,1208,6240,5,4,780,1925,103000
939,574.0,0,180,1513,6120,8,5,939,1920,137500
959,408.0,425,560,1367,6240,6,6,884,1931,127500
955,0.0,763,386,955,7742,7,5,955,1966,127000
1077,0.0,0,210,1077,9786,4,3,1007,1922,91000
1056,0.0,1056,572,1056,34650,5,5,1056,1955,145000
756,797.0,0,615,1553,8125,5,7,756,2005,186500
1614,0.0,20,865,1614,11210,5,7,1614,2005,221500
2042,0.0,0,1390,2042,12704,5,8,2042,2008,253293
1073,0.0,0,326,1073,5400,6,5,1073,1921,108480
1072,213.0,336,240,1285,8635,5,5,672,1948,127000
2117,0.0,865,550,2117,12925,7,6,1205,1970,237500
605,0.0,348,0,605,9098,7,4,528,1920,86000
1150,0.0,179,300,1150,7945,6,5,1150,1959,141000
728,728.0,0,400,1456,8029,5,6,728,2005,176000
999,0.0,867,588,999,12122,9,7,944,1961,178400
750,750.0,0,564,1500,8846,5,6,750,2005,173900
1336,0.0,841,375,1336,15750,5,5,1165,1953,157000
864,729.0,759,398,1593,7415,5,6,839,2004,193000
1130,1054.0,936,836,2184,11308,5,9,1104,2008,335000
1560,0.0,0,573,1560,9196,5,7,1560,2003,201000
888,348.5240174672489,386,312,1644,9480,7,5,728,1942,146500
630,0.0,515,286,630,1526,8,4,630,1970,86000
1113,0.0,751,504,1113,7917,7,6,1143,1976,148000
1071,1101.0,0,947,2172,14154,5,7,1063,2006,280000
796,550.0,0,384,1346,11767,7,4,560,1910,112000
1184,1426.0,64,550,2610,9000,5,8,1184,2007,303477
1026,932.0,0,936,1958,10625,5,7,1026,2005,250000
1468,0.0,0,898,1468,9612,5,8,1468,2008,244600
1302,432.0,0,539,1734,10125,5,5,0,1977,126000
768,432.0,352,240,1200,11767,6,5,768,1946,130500
1112,438.0,812,438,1550,8125,5,7,1092,2006,241000
954,795.0,0,440,2230,6204,5,4,795,1912,118500
1166,0.0,0,240,1639,10480,5,6,1064,1936,115000
864,0.0,521,624,864,9100,5,5,864,1958,129900
1621,0.0,213,440,1621,14145,7,7,1208,1984,202500
483,504.0,162,264,987,1680,8,6,483,1972,118000
1238,1281.0,965,628,2519,26178,5,7,1210,1989,335000
765,600.0,765,440,1365,2368,6,5,765,1970,125000
1149,1141.0,0,779,2290,11250,5,8,1128,2002,255900
1249,1347.0,0,840,2596,16259,5,9,1249,2006,342643
907,0.0,288,352,907,8593,6,4,907,1957,109008
855,348.5240174672489,566,440,1456,2280,6,6,855,1976,148500
1190,0.0,803,540,1190,7728,6,5,1106,1962,132500
858,0.0,322,684,858,7340,6,4,858,1971,110000
2223,0.0,1880,516,2223,13651,6,7,2223,1973,244000
1005,0.0,0,672,1005,10434,5,4,1005,1955,115000
1086,809.0,0,409,1895,10832,5,7,712,1994,194500
1040,0.0,906,384,1040,11200,5,5,1040,1965,129500
1264,0.0,697,461,1264,9300,5,5,1268,1960,167500
874,887.0,0,578,1761,10207,6,7,874,2007,227875
1034,0.0,539,888,1034,12328,5,6,1012,1976,169900
1363,0.0,226,439,1363,39104,7,7,1385,1954,241500
1689,0.0,0,480,1689,9855,5,6,1436,1956,127500
2113,0.0,1696,839,2113,10437,6,8,2109,1995,350000
1573,0.0,788,544,1573,9808,5,7,1573,2002,227000
2364,0.0,2188,820,2364,12919,5,9,2330,2009,611657
1057,977.0,739,645,2034,9375,5,7,1057,1997,219500
1291,0.0,1003,431,1291,2887,5,6,1291,1996,173000
858,0.0,696,0,858,7207,7,5,858,1958,116500
698,560.0,204,280,1258,9060,5,6,560,1939,105000
438,0.0,290,246,438,8400,5,2,290,1920,60000
672,728.0,209,440,1400,7844,7,6,672,1978,149500
954,0.0,0,240,954,6305,7,5,920,1938,119750
1445,0.0,564,645,1445,12095,6,6,1127,1964,158000
1072,0.0,459,525,1072,3675,5,6,547,2005,148000
1664,0.0,0,0,1664,9825,5,5,0,1965,100000
1445,689.0,0,441,2134,11888,6,6,844,1916,214500
1940,1254.0,428,380,3194,12168,6,8,965,1934,359100
912,912.0,0,0,1824,9400,5,6,912,1971,139000
888,868.0,742,422,1756,9303,5,6,872,1996,204000
912,0.0,595,576,912,8872,8,5,912,1965,147000
1509,0.0,783,600,1509,10200,5,6,1461,1988,175000
1160,448.0,264,216,1608,6171,6,6,976,1925,137450
1316,0.0,28,397,1316,10237,5,6,1316,2005,169990
1015,0.0,489,450,1015,6120,7,5,768,1925,88000
756,378.0,312,240,1134,8160,6,5,756,1940,126000
1636,0.0,63,865,1636,13501,5,8,1623,2006,255000
660,660.0,0,400,1320,7750,5,7,660,2003,162000
1160,966.0,249,538,2126,28698,5,5,1013,1967,185000
1128,0.0,776,525,1128,8700,6,5,1120,1963,155000
1306,0.0,860,756,1306,8712,7,5,992,1957,153000
798,546.0,0,0,1344,1533,6,4,546,1970,97000
1576,978.0,0,704,2554,10800,8,7,718,1890,159500
893,0.0,220,576,893,9600,7,5,845,1949,135000
894,1039.0,0,668,1933,14598,5,6,894,2007,214000
672,546.0,356,264,1218,1890,5,6,672,1973,113000
1161,808.0,0,534,1969,11952,6,7,808,1977,190000
1220,870.0,1079,556,2090,10000,5,8,1220,1995,240000
1484,0.0,998,487,1484,12243,6,5,1484,1971,175000
1656,0.0,0,506,1656,9246,5,5,1656,1973,135000
818,406.0,468,210,1224,3950,8,6,818,1926,115000
1022,1032.0,695,390,2054,12224,5,6,992,2000,244000
854,0.0,0,576,854,6120,8,7,832,1929,132000
546,546.0,334,286,1092,1974,5,4,546,1973,83500
1268,0.0,196,252,1268,9286,7,5,1268,1977,143500
827,834.0,385,550,1661,10667,6,7,799,1996,212000
1668,0.0,370,502,1668,10635,5,8,1657,2003,232000
1493,0.0,994,508,1493,13125,5,6,1478,1997,208900
932,0.0,0,306,932,8280,5,6,932,1950,124000
1277,0.0,778,526,1277,10628,5,7,1277,1970,167000
1530,0.0,1300,630,1530,14572,5,7,1530,2004,259000
1344,0.0,457,484,1344,9503,5,5,1024,1958,144000
860,0.0,672,528,860,8740,6,5,840,1982,137000
1314,0.0,904,626,1314,5001,5,7,1314,2007,230000
1391,571.0,464,868,1962,8760,5,7,1391,2006,239799
788,702.0,724,388,1490,15384,5,7,788,2004,184000
848,0.0,662,420,848,4426,5,6,848,2004,143000
672,0.0,0,240,672,10200,8,5,672,1940,108000
1188,1152.0,275,252,2340,9042,9,7,1152,1941,266500
808,704.0,0,180,1656,10410,7,5,660,1916,135000
725,754.0,626,484,1479,7472,9,7,725,1972,184000
1226,0.0,0,740,1226,10402,5,7,1226,2009,198900
976,1111.0,568,444,2087,12205,8,6,832,1966,187500
1158,0.0,941,576,1158,13072,5,6,1158,2004,158000
1154,0.0,740,480,1154,11000,6,5,1154,1966,154000
880,844.0,0,527,1724,8924,5,7,880,1998,188000
773,885.0,219,431,1658,8000,5,6,773,1995,188000
1126,0.0,0,520,1126,8777,5,4,0,1949,108000
872,521.0,0,300,1393,16466,7,5,816,1955,135500
1968,1479.0,192,1014,3447,14100,9,8,728,1935,381000
483,504.0,309,264,987,1953,5,6,483,1973,83000
808,547.0,351,0,1355,10106,7,5,644,1940,127500
2069,0.0,425,505,2069,27650,7,7,585,1960,242000
757,348.5240174672489,549,440,1501,2280,5,7,744,1999,179400
1976,0.0,1350,908,1976,14977,5,8,1976,2006,440000
1563,0.0,33,758,1563,10206,5,8,1563,2007,245000
572,539.0,0,288,1111,5700,7,7,572,1926,116900
851,651.0,0,270,1502,7200,6,7,776,1931,149000
1733,0.0,0,452,1733,13680,5,3,0,1955,139600
1848,880.0,1410,706,2728,20431,5,9,1848,2005,437154
630,672.0,231,264,1302,1680,7,5,630,1972,119500
1332,192.0,1258,586,1524,23595,6,7,1332,1979,260000
1120,468.0,0,680,1588,17120,4,4,0,1959,134432
1125,0.0,0,430,1125,8536,5,5,1125,2006,155000
520,600.0,0,480,1200,3180,5,7,600,2005,151000
798,842.0,0,520,1640,8366,5,6,798,2004,173000
1223,904.0,1000,525,2127,10944,5,7,1223,1994,271000
972,0.0,680,240,972,8000,6,6,972,1948,132000
1142,878.0,584,466,2020,9828,5,8,1128,1995,239500
1144,348.5240174672489,739,596,1144,9571,6,5,1144,1956,129000
1352,0.0,300,288,1352,6930,4,5,1062,1958,130000
926,0.0,234,484,1316,5500,7,5,926,1929,130000
1086,838.0,956,592,1924,12011,5,8,1086,1998,280000
1164,0.0,1040,240,1164,10880,5,5,1164,1950,125000
952,0.0,852,840,952,7350,7,5,952,1951,139000
938,1215.0,259,0,2358,5250,5,8,684,1872,122000
1680,0.0,808,540,1680,21695,9,6,880,1988,222000
1221,691.0,0,672,1912,10800,7,6,482,1905,163000
1004,0.0,578,480,1004,11241,7,6,1004,1970,149000
774,456.0,384,305,1230,4712,7,4,747,1946,121600
1167,0.0,645,495,1167,8731,5,5,915,1920,144000
1301,0.0,405,440,1301,6911,5,5,1145,1924,100000
1453,0.0,1082,445,1453,5271,5,7,1453,1986,190000
1601,0.0,1358,670,1601,11423,5,8,1581,2001,272000
1588,0.0,0,825,1588,10000,5,8,1588,2006,227000
1095,0.0,513,264,1095,10382,5,6,588,1958,140000
1050,0.0,915,368,1050,10659,6,5,1050,1961,136500
960,0.0,520,432,960,10921,5,4,960,1965,94750
1002,454.0,0,280,1456,7585,3,5,810,1948,91500
1489,0.0,0,462,1489,9156,7,6,1489,1968,185750
1726,0.0,1126,786,1726,9416,5,7,1726,2007,311872
1362,720.0,0,484,2082,11426,5,7,1362,2003,200000
1339,0.0,1053,484,1339,8049,5,7,1309,1990,180000
1310,1140.0,781,1069,2450,16545,5,8,1284,1998,340000
879,984.0,0,660,1863,14054,5,7,879,2006,219210
768,0.0,656,396,768,8445,7,5,768,1972,133000
334,0.0,0,0,334,5000,3,1,0,1946,39300
1136,0.0,892,384,1136,9200,6,6,1136,1965,140000
1337,0.0,1201,405,1337,4500,5,6,1237,1998,153500
912,0.0,312,288,912,7800,5,5,912,1964,115000
876,936.0,540,264,1812,7590,5,5,864,1962,169500
1052,720.0,378,240,2192,8400,8,5,720,1939,179500
658,526.0,0,0,1184,8410,3,5,658,1910,81000
964,925.0,0,308,1889,10120,4,7,925,1910,122000
1327,0.0,405,624,1327,7388,6,5,1063,1959,150750
1422,0.0,588,576,1422,12090,6,6,1422,1981,175500
1632,0.0,0,576,1632,25000,4,5,1632,1967,143000
1630,0.0,0,451,1630,9750,5,7,1630,2000,213000
1013,0.0,0,0,1526,8470,2,3,1013,1915,85000
1040,0.0,0,420,1040,7200,5,4,0,1949,90000
841,806.0,0,216,1647,6858,4,6,806,1915,128000
1328,653.0,622,576,1981,7804,3,4,1122,1928,135000
1644,0.0,1285,418,1644,9600,5,6,1416,1953,167000
1482,1092.0,0,868,2574,9588,5,8,1482,2007,276000
1060,764.0,0,520,1824,13515,6,6,764,1919,180500
1350,0.0,624,520,1350,9020,5,6,1248,1964,168500
958,0.0,958,440,958,4928,6,6,958,1976,143750
1053,795.0,0,370,1848,13053,7,6,833,1923,207000
1620,0.0,1116,490,1620,9991,4,4,1281,1976,150000
1167,0.0,560,400,1167,9248,6,6,1158,1992,173000
798,348.5240174672489,94,220,1487,8741,4,6,735,1945,113000
892,0.0,432,288,892,7150,5,5,892,1967,100000
804,0.0,510,240,804,7200,7,5,788,1940,119000
1140,0.0,0,0,1140,17217,5,5,1140,2006,84500
983,813.0,400,483,1796,7056,5,6,780,1963,140000
1118,912.0,156,551,2030,12046,6,6,848,1976,195000
1026,981.0,765,812,2007,11003,5,10,1017,2008,310000
691,0.0,0,216,691,5400,6,5,691,1920,86000
786,348.5240174672489,0,676,1590,9000,5,8,768,2008,210000
1216,639.0,444,325,1855,9525,4,6,994,1954,136900
1028,776.0,0,442,1804,7500,5,7,994,1999,189000
884,884.0,550,543,1768,8158,5,7,884,2003,224900
1831,1796.0,1387,807,3627,35760,5,10,1930,1995,625000
1298,348.5240174672489,1258,403,1298,11200,5,6,1298,1985,180000
1801,0.0,1247,484,1801,15602,8,7,1501,1959,289000
630,0.0,553,0,630,1533,7,5,630,1970,92000
1103,0.0,397,440,1103,6000,6,6,1103,1925,110500
859,319.0,0,384,1178,8712,7,4,859,1900,102776
1196,0.0,197,440,1196,4800,7,4,1196,1916,109900
1372,348.5240174672489,0,529,1372,8640,5,7,1372,2007,250580
1431,0.0,371,296,1431,9150,5,6,1099,1962,165000
1422,0.0,0,626,1422,8500,5,7,1422,2004,179600
1079,874.0,985,501,1953,53107,5,6,1580,1992,240000
1121,0.0,0,440,1121,8546,5,4,1121,2003,140000
1143,1330.0,0,852,2473,9591,5,8,1143,2004,317000
1057,0.0,417,576,1057,7420,5,5,1057,1962,132000
1110,0.0,1097,602,1110,9101,6,5,1097,1978,165500
1164,1106.0,524,671,2270,11764,7,8,1152,1999,290000
2018,0.0,0,746,2018,13214,5,9,2002,2008,378500
672,714.0,438,440,1386,11616,5,6,672,1978,158900
1082,871.0,0,1043,1953,10574,5,8,1082,2005,252000
1337,0.0,733,462,1337,5395,5,8,1337,1993,180000
997,1288.0,0,648,2285,11000,5,8,969,2000,248000
1718,0.0,1288,826,1718,10637,5,8,1705,2007,297000
1086,0.0,516,484,1086,13400,5,5,1024,1966,159950
1555,0.0,0,660,1555,3684,5,7,1373,2007,174000
1902,0.0,1406,567,1902,17500,8,7,1902,1959,335000
1298,1216.0,1216,693,2514,11170,5,7,1216,1990,250000
1224,0.0,1086,528,1224,7018,5,5,1086,1979,153337
1054,0.0,602,460,1054,9750,8,6,1054,1969,151000
1276,1336.0,854,676,2612,12203,5,8,1225,1998,336000
902,0.0,599,288,902,6173,6,5,876,1967,125500
1153,348.5240174672489,692,484,2353,13005,7,7,845,1980,260000
689,703.0,378,299,1392,10900,7,6,689,1977,161750
1155,0.0,899,576,1155,11782,7,5,1109,1961,148000
1136,768.0,180,240,1904,7200,4,5,1208,1950,138000
950,208.0,0,208,1158,6000,7,6,862,1929,120000
751,611.0,0,502,1362,6155,8,6,611,1920,128000
1005,1286.0,0,429,2291,8738,5,7,975,1999,230000
649,668.0,0,250,1317,8500,4,4,649,1920,40000
1734,0.0,1004,928,1734,12085,5,8,1734,2007,318000
1194,0.0,0,312,1194,8760,6,6,1194,1959,148000
876,540.0,0,720,1416,12665,8,5,876,1915,153900
1383,0.0,1064,354,1383,13284,5,5,1383,1954,165000
1001,1001.0,284,871,2002,6270,6,5,1001,1949,145000
1496,0.0,0,474,1496,9158,5,8,1496,2007,225000
984,620.0,408,660,1604,10998,5,5,984,1941,117000
764,0.0,0,504,764,5232,5,5,680,1925,73000
977,755.0,0,476,1732,9206,5,6,741,1985,178000
1494,0.0,0,840,1494,10652,5,7,1494,2006,279500
986,0.0,0,180,986,6180,5,6,960,1926,102000
1145,0.0,16,397,1145,3182,5,7,1145,2005,160200
742,742.0,0,0,1484,6300,6,6,742,1914,128000
1344,0.0,111,525,1344,14375,6,6,819,1958,137500
958,581.0,0,686,1539,10440,8,5,650,1904,157500
1134,1370.0,0,656,2504,11198,5,9,1122,2005,325000
747,0.0,0,528,747,5825,5,4,600,1926,79900
1108,989.0,975,583,2097,9750,6,7,1108,1998,274300
3138,1538.0,2260,884,4676,40094,5,10,3138,2007,184750
786,390.0,0,624,1176,6000,9,6,698,1937,134900
720,0.0,495,0,720,7879,5,4,720,1920,34900
1580,0.0,0,830,1580,11932,5,8,1580,2007,235128
1440,0.0,1440,0,1440,7711,3,4,1440,1977,150000
738,348.5240174672489,193,540,1476,8633,5,6,738,2005,173500
1500,0.0,20,570,1500,8487,5,7,1500,2004,190000
884,464.0,0,216,1348,6000,8,5,884,1925,117000
1200,0.0,661,884,1200,9230,8,5,864,1965,146000
1394,0.0,609,514,1394,9500,5,6,1394,1963,159000
800,832.0,400,484,1632,9130,8,6,800,1966,173000
912,0.0,842,336,912,8521,5,5,912,1967,125000
1370,1254.0,1128,864,2624,22420,6,6,1370,1918,239000
1696,0.0,0,349,1696,13673,5,5,1140,1962,143900
682,548.0,0,440,1230,10440,6,5,440,1910,110000
1549,1178.0,297,440,2727,10570,8,8,853,1932,315000
728,728.0,0,429,1456,15578,5,6,728,2006,172785
864,0.0,375,660,864,6960,6,4,864,1970,120500
970,739.0,0,380,1709,2522,5,6,970,2004,130000
810,855.0,643,528,1665,8400,6,8,810,2001,227000
1372,1274.0,987,656,2646,9900,5,7,1347,1993,260000
798,348.5240174672489,0,595,1640,7226,5,7,798,2003,183000
1014,685.0,440,420,1699,10615,5,3,978,1900,95000
1663,0.0,1116,529,1663,53227,6,4,1364,1954,256000
1728,0.0,1332,504,1728,9100,5,5,1728,1963,125000
1055,790.0,0,462,1845,11218,5,6,1055,1992,189000
1020,831.0,536,440,1851,9760,8,6,822,1964,187000
1489,0.0,0,776,1489,11216,5,8,1489,2006,232600
864,0.0,612,300,864,9100,6,6,864,1959,127500
1256,0.0,830,276,1256,9937,6,5,1256,1965,147500
816,0.0,816,816,816,6600,8,5,816,1982,138000
902,918.0,454,492,1820,13700,6,7,864,1965,201800
912,1215.0,48,833,2127,13125,5,7,1104,1991,238000
1065,0.0,0,461,1065,8892,5,5,1065,1960,126500
1200,0.0,0,312,1200,11340,5,6,1200,1923,125000
1208,0.0,686,632,1208,6762,5,7,1187,2006,206000
1133,1349.0,0,642,2482,12665,5,8,1094,2005,281213
1720,348.5240174672489,919,527,1720,10593,5,7,1720,1996,260400
840,0.0,116,0,840,4388,7,5,672,1930,87000
1294,0.0,1200,496,1294,7153,5,6,1278,1991,179200
1090,0.0,980,450,1090,7024,5,5,1090,2005,157000
1165,348.5240174672489,0,420,2263,12090,5,8,1141,1998,258000
969,0.0,716,440,969,10356,6,5,969,1975,122000
894,0.0,0,1248,894,18000,4,3,894,1935,81000
1028,348.5240174672489,0,360,1028,8960,6,5,1008,1927,115000
979,979.0,484,492,1958,7136,6,6,979,1946,145000
1795,0.0,0,895,1795,9986,5,8,1795,2006,147000
1940,0.0,1646,606,1940,10159,5,9,1930,2009,395192
1178,0.0,1084,439,1178,10000,6,5,1176,1973,157000
810,672.0,156,400,1482,12155,8,6,672,1925,140000
1428,0.0,0,554,1428,12274,5,7,1417,2008,227680
864,0.0,460,338,864,15523,6,5,864,1972,133500
616,495.0,236,200,1111,9084,6,5,616,1941,95000
680,790.0,310,420,1470,9765,8,6,680,1993,185000
1116,0.0,0,440,1116,10000,6,6,1116,1962,160000
864,348.5240174672489,414,288,864,7332,6,6,864,1959,120000
1297,0.0,1213,498,1297,8532,6,5,1297,1954,153000
1113,0.0,607,264,1113,9600,7,5,1113,1950,147000
1501,0.0,679,577,1501,10335,5,7,1490,1999,204000
764,783.0,24,614,1547,8640,5,7,756,2009,215200
991,956.0,222,678,1947,12552,5,7,991,2004,254900
1717,0.0,0,908,1717,11146,5,8,1709,2006,255500
1052,0.0,504,440,1052,8816,7,6,1010,1971,155000
1127,886.0,862,455,2013,9920,5,7,1117,1996,269790
1266,0.0,0,388,1266,3182,5,7,1266,2007,159895
1992,876.0,240,716,2868,16056,5,9,1992,2005,556581
980,1276.0,300,554,2256,8795,5,7,952,2000,236000
1414,0.0,24,494,1414,8773,5,7,1414,2004,185500
936,785.0,814,471,1721,8462,5,6,928,1994,201000
811,741.0,550,434,1552,11475,6,6,713,1975,179900
698,430.0,0,528,1128,7500,4,4,698,1920,68400
1118,0.0,522,358,1118,9880,6,6,1096,1977,171000
1728,0.0,936,574,1728,12640,5,6,1728,1976,150900
1686,762.0,1361,711,2448,46589,7,8,1629,1994,402000
1473,0.0,1324,452,1473,25095,8,5,1437,1968,143000
1187,530.0,902,400,1717,13758,5,7,1156,1990,187500
1166,0.0,655,400,1166,9587,5,7,856,2005,190000
1370,0.0,24,484,1370,6442,5,8,1370,2006,202500
1724,0.0,528,480,1724,17871,5,6,1680,1967,197900
970,739.0,0,380,1709,2522,5,7,970,2004,130000
483,348.5240174672489,358,264,987,1680,3,6,483,1971,89500
901,901.0,352,216,1802,7588,6,7,793,1920,200100
1170,1175.0,503,360,2345,16560,8,6,952,1932,239000
1068,0.0,663,264,1068,8414,8,6,1059,1963,154500
1617,0.0,165,533,1617,8012,5,6,1604,1993,193000
1244,0.0,777,336,1244,11988,6,6,1244,1957,150000
1180,0.0,0,252,1180,11600,5,4,700,1922,137500
520,623.0,0,480,1223,2544,5,7,600,2005,147400
1686,0.0,625,612,1686,10240,6,6,1686,1980,207500
1646,0.0,1513,800,1646,9520,5,8,1638,2007,293077
1144,0.0,594,264,1144,10000,6,5,864,1961,131400
939,858.0,0,639,1797,9245,5,7,939,2006,213500
1224,0.0,0,462,1224,9842,5,4,0,1962,101800
992,873.0,735,839,1865,10316,5,7,992,2000,235000
1056,0.0,846,308,1056,8176,6,5,1056,1958,139000
1966,1174.0,0,820,3140,13518,5,9,1926,2008,485000
1212,0.0,506,492,1212,8471,7,6,506,1977,151000
1694,0.0,1369,636,1694,10084,5,8,1686,2004,307000
802,709.0,714,413,1511,11207,5,6,802,1997,185000
1057,0.0,731,246,1057,7922,7,5,1057,1953,109000
1246,1044.0,0,560,2290,11340,6,4,777,1885,122500
1377,806.0,1002,786,2183,13837,5,7,1204,1988,229000
1699,1523.0,1470,594,3222,12376,5,7,1673,1990,320000
909,807.0,0,512,1716,8750,5,7,880,1996,191000
1342,0.0,251,457,1342,9790,5,6,1372,1967,161500
1504,0.0,16,437,1504,3182,5,7,1346,2005,191000
1053,348.5240174672489,0,648,1992,9375,5,8,1053,2003,250000
624,628.0,510,462,1252,2160,5,7,600,1999,160000
999,0.0,588,264,999,7758,7,5,999,1962,132500
741,622.0,0,528,1363,7740,7,4,622,1910,125500
1165,0.0,312,490,1165,9020,7,6,1127,1966,174900
1668,0.0,1059,702,1668,11248,5,9,1626,2002,285000
1158,1218.0,0,853,2376,14215,5,8,1158,2005,325300
889,551.0,0,352,1440,5000,4,5,540,1900,79000
794,676.0,182,388,1470,13869,6,6,794,1997,177000
1541,0.0,1201,532,1541,12182,5,7,1541,2005,220000
1440,0.0,133,0,1440,12108,4,4,1440,1955,118000
1146,0.0,786,438,1146,9590,5,7,868,2003,187500
1494,0.0,437,481,1494,9549,5,8,1494,1995,270000
1462,348.5240174672489,1170,738,2224,8834,5,9,1462,2004,350000
820,523.0,0,186,1343,7681,6,5,731,1921,154900
1210,1242.0,281,683,2452,16226,5,8,1028,1998,267000
1127,850.0,442,540,1977,9500,6,6,816,1964,165000
1064,703.0,495,504,1767,5306,7,7,1064,1987,239000
1324,348.5240174672489,863,550,1324,6240,5,8,1324,2006,254000
912,546.0,0,330,1458,17503,5,6,912,1948,97500
1314,0.0,24,440,1314,9317,5,6,1314,2006,176432
1575,0.0,430,529,1575,8012,5,6,1575,1992,179200
1620,0.0,1022,912,1620,12898,5,9,1620,2007,315500
1104,684.0,0,304,1788,11250,5,4,1104,1957,161500
913,0.0,187,240,913,8400,5,6,814,1966,129000
2073,0.0,790,500,2073,13175,6,6,1542,1978,210000
764,677.0,0,492,1441,2645,5,8,776,1999,174000
815,875.0,0,225,1690,8850,6,7,815,1916,144000
1437,0.0,988,576,1437,14175,6,5,1188,1956,168000
2156,0.0,297,508,2156,20781,7,7,1568,1968,262500
864,0.0,468,0,864,5604,6,5,864,1925,98000
536,576.0,129,336,1112,2592,3,5,536,1976,85000
1122,1121.0,700,746,2243,13474,5,7,700,1990,225000
810,518.0,0,210,1328,9906,4,4,686,1925,107000
968,0.0,0,216,968,10800,6,4,656,1927,64500
698,698.0,0,384,1396,8730,7,6,698,1915,153575
1856,0.0,1445,834,1856,11394,2,9,1856,2010,394432
1610,551.0,1288,789,2161,10562,5,8,1582,2007,325624
1602,0.0,1246,529,1602,16635,7,6,1602,1977,215000
630,672.0,0,280,1302,1680,5,5,630,1971,112000
807,702.0,457,393,1509,7861,5,6,783,2002,183200
912,0.0,737,352,912,12968,6,5,912,1962,144000
1004,348.5240174672489,399,420,1664,5000,7,6,1004,1947,159000
1390,304.0,423,576,1694,8400,5,6,1181,1925,136500
747,0.0,0,220,747,4608,6,4,747,1945,80000
1040,0.0,0,420,1040,7200,5,4,0,1950,109900
831,829.0,0,493,1660,8935,5,7,831,2002,195000
1026,665.0,218,308,1691,5000,6,5,1026,1924,127000
864,0.0,398,720,864,7200,8,5,864,1950,129000
752,0.0,623,264,752,7175,5,6,744,1984,125000
963,829.0,361,564,1792,12435,5,7,963,2001,231500
764,862.0,0,474,1626,2628,5,7,764,2003,175500
1484,0.0,428,472,1484,9037,5,8,1476,2006,265900
1675,1818.0,0,870,3493,18386,9,7,1470,1880,295000
1652,0.0,1572,840,1652,13173,5,9,1652,2006,325000
1276,0.0,0,350,1276,9571,3,5,1276,1958,60000
1112,348.5240174672489,120,271,1668,9600,8,6,856,1950,140000
720,472.0,0,0,1192,10800,4,4,720,1949,135000
884,0.0,747,504,884,9180,7,5,840,1983,144000
1180,348.5240174672489,1065,454,2062,14364,5,7,1157,1988,277000
827,0.0,0,392,827,7200,7,5,0,1955,107500
1136,883.0,0,532,2019,11414,8,7,728,1910,167500
616,688.0,0,336,1304,2665,6,5,264,1976,115000
684,684.0,0,216,1368,3600,7,6,684,1910,114504
840,765.0,0,379,1605,5790,6,3,840,1915,107400
2020,0.0,1436,900,2020,12220,5,10,2006,2009,402861
625,625.0,0,528,1250,4251,5,7,625,2006,164700
1624,0.0,1456,757,1624,12461,5,8,1624,1994,262000
845,0.0,565,360,845,7599,6,4,845,1982,129500
1389,0.0,1071,418,1389,10010,5,5,1389,1974,170000
968,0.0,0,480,968,8520,6,5,968,1923,100000
546,546.0,0,286,1092,2001,5,4,546,1970,75000
848,0.0,685,420,848,4435,5,6,848,2003,144000
1269,0.0,374,308,1269,7931,6,5,1269,1960,155000
1092,0.0,170,288,1092,11616,5,5,1092,1962,139000
1468,795.0,795,539,2263,16659,7,7,795,1977,235000
952,0.0,228,283,952,8475,7,4,952,1956,135750
736,716.0,0,0,1452,4456,5,4,736,1920,113000
1039,0.0,841,504,1039,11625,4,5,1039,1965,131500
1204,0.0,866,412,1204,4500,5,6,1204,1998,162000
1117,0.0,422,672,1117,7819,5,6,1029,1976,107000
2196,0.0,485,701,2196,14684,7,7,2158,1990,271900
985,0.0,595,328,985,8385,8,5,985,1977,149900
1629,0.0,1124,880,1629,10655,5,8,3206,2003,284000
877,600.0,0,216,1477,6292,7,7,861,1928,145000
980,0.0,560,484,980,7064,6,5,980,1977,135000
1166,1129.0,728,590,2295,13346,5,7,1095,1992,268000
900,602.0,0,180,1502,10592,7,6,602,1923,165000
1575,626.0,0,432,2201,19690,7,6,697,1966,274970
1050,1028.0,789,836,2078,10800,5,8,1034,2007,339750
800,0.0,0,0,800,6120,3,2,264,1936,60000
1578,0.0,0,840,1578,9262,5,8,1573,2008,287090
1932,0.0,1336,774,1932,12444,5,8,1932,2008,394617
1507,0.0,666,404,1507,7910,5,5,1075,1960,127000
900,0.0,450,280,900,9819,5,5,882,1967,122000
1718,348.5240174672489,1172,786,1718,12456,5,10,1700,2006,337500
1089,661.0,0,240,1750,9000,6,5,636,1880,124000
1383,1015.0,719,834,2398,11787,5,7,1379,1996,315750
774,1194.0,0,680,1968,12003,5,8,774,2009,269500
1536,0.0,810,532,1536,9135,5,7,1536,2002,214000
864,0.0,203,200,864,8212,3,3,864,1914,58500
3228,0.0,1231,546,3228,12692,5,8,3200,1992,430000
1518,631.0,1351,670,2149,12822,5,7,1434,2003,239686
1320,1320.0,0,864,2640,11700,7,7,1240,1880,265979
1682,0.0,0,530,1682,10400,6,7,1304,1970,174000
1038,1060.0,0,878,2098,10240,5,8,1030,2005,275500
864,0.0,553,360,864,8281,5,5,864,1965,62383
1168,800.0,562,530,1968,11075,4,5,784,1969,172000
1097,348.5240174672489,338,480,1097,9672,5,6,1040,1984,152000
684,512.0,0,528,1196,12354,8,6,684,1920,110000
1252,668.0,57,451,1920,13650,5,5,1052,1958,172500
1728,0.0,231,576,1728,13101,5,5,1728,1965,142600
1128,903.0,804,577,2031,9473,5,8,1128,2002,237000
1196,0.0,616,297,1196,9000,5,6,1196,1956,139000
803,0.0,116,360,803,5000,6,5,720,1941,87000
780,840.0,493,462,1620,10793,5,5,780,1969,152000
2097,0.0,1721,1134,2097,20896,5,8,2077,2005,423000
1869,0.0,0,617,1869,7820,5,9,1869,2007,318061
956,930.0,0,431,1886,11214,5,7,930,1998,199900
480,0.0,50,308,480,9000,3,2,480,1949,35311
1296,0.0,0,516,1296,10791,5,4,0,1967,90000
816,0.0,690,288,816,8877,6,4,816,1938,100000
1601,348.5240174672489,704,478,1601,11880,5,7,1271,1978,157000
962,830.0,0,451,1792,10261,5,6,936,2000,186500
1352,1168.0,1012,796,2520,14541,7,8,1338,1993,310000
1144,0.0,748,796,1144,8163,6,5,1144,1959,143000
990,1611.0,0,621,2601,9842,6,5,612,1921,189000
972,605.0,0,312,1577,6435,5,6,972,1939,140200
970,0.0,630,624,970,8480,6,5,970,1963,132500
2036,0.0,1236,513,2036,215245,5,7,2136,1965,375000
1026,348.5240174672489,439,440,1026,7930,8,6,1026,1969,156000
698,0.0,0,0,698,9405,9,5,698,1947,118000
1533,0.0,655,576,1533,70761,5,7,1533,1975,280000
854,0.0,360,660,1382,12358,6,5,720,1941,128500
1391,0.0,16,530,1391,4282,5,7,1391,2004,196000
1078,0.0,49,240,1078,9717,6,5,1078,1950,142125
1296,0.0,1005,471,1296,6853,5,8,1267,2001,220000
1442,0.0,608,301,1442,9750,6,6,1442,1958,157900
1024,940.0,0,0,1964,8525,6,5,940,1911,130000
1502,0.0,0,644,1502,9541,5,7,1502,2009,233170
1392,0.0,1040,458,1392,11900,5,6,1392,1957,166000
1768,0.0,0,0,1768,10778,5,4,1768,1968,136500
1582,0.0,812,390,1582,36500,5,5,1624,1964,190000
958,0.0,498,301,958,12772,8,6,958,1960,151500
894,0.0,777,600,894,7200,5,5,894,1972,123000
1224,0.0,883,402,1224,4500,5,6,1224,1999,165000
1742,590.0,1280,846,2332,12474,5,10,1682,2007,426000
1269,0.0,24,430,1269,3182,5,8,1256,2004,192000
1776,0.0,80,712,1776,15306,5,8,1732,2006,283463
728,728.0,0,390,1456,8461,5,6,728,2005,163990
1194,0.0,655,539,1194,8910,6,6,655,1959,159500
1008,0.0,643,240,1008,8923,7,5,1008,1953,134500
1555,0.0,16,430,1555,3182,5,7,1373,2005,192500
892,892.0,0,180,1784,13132,5,5,747,1914,138887
1108,0.0,0,280,1108,7449,7,7,637,1930,139400
754,640.0,0,400,1394,9735,5,5,384,2006,167500
980,734.0,394,496,1714,10421,5,7,980,1988,196500
882,0.0,0,294,882,8339,7,5,0,1959,106500
1306,0.0,0,0,1306,5350,2,3,728,1940,76500
626,591.0,0,288,1217,10762,6,6,626,1980,120000
990,0.0,495,299,990,8775,5,5,990,1994,126000
1132,1320.0,0,691,2452,13418,5,8,1117,2004,309000
848,0.0,685,420,848,4435,5,6,848,2003,140000
697,672.0,551,300,1369,6629,6,6,672,1925,103600
1218,0.0,27,676,1218,7862,5,6,1218,2009,208300
1423,748.0,0,672,2555,11526,7,6,588,1922,191000
1247,0.0,1039,550,1247,3316,5,8,1247,2005,197000
1542,1330.0,896,619,2872,12227,7,6,1330,1977,272000
1652,0.0,1480,482,1652,5587,5,8,1600,2008,392500
1844,0.0,705,546,1844,11751,6,6,1844,1977,190000
1113,858.0,341,689,1971,9675,5,7,1113,2005,253000
1007,793.0,0,463,1800,8123,5,6,982,2000,179000
1062,887.0,750,574,1949,9938,5,7,1050,1993,236000
630,0.0,150,0,630,1491,6,4,630,1972,75500
1494,0.0,922,530,1494,12803,5,7,1494,2002,221000
600,348.5240174672489,0,0,968,5925,6,3,600,1910,37900
1274,0.0,925,508,1274,8814,5,7,1274,2005,203000
1520,0.0,674,364,1520,9600,6,6,1156,1955,153000
1285,0.0,0,528,1285,8197,5,6,660,1977,143500
807,702.0,0,393,1509,7875,5,7,783,2003,180000
1142,793.0,0,550,1935,12384,7,7,793,1976,197900
816,0.0,816,0,816,11841,5,6,816,1990,118500
1200,0.0,833,555,1200,10083,5,7,1176,2003,184900
997,348.5240174672489,0,548,1470,8172,6,4,941,1954,135000
1656,0.0,639,528,1656,31770,5,6,1080,1960,215000
792,0.0,0,240,792,9022,8,5,768,1924,109500
1694,0.0,0,818,1694,12030,5,8,1694,2007,318000
1800,0.0,1274,765,1800,14331,5,8,1800,2002,312500
1422,915.0,0,560,2337,13600,5,5,662,1900,90000
1168,678.0,196,315,1846,10496,6,6,1040,1949,143000
1026,0.0,505,576,1026,10970,6,6,940,1978,147000
904,0.0,0,408,904,7162,7,5,876,1966,109900
1126,0.0,936,484,1126,17400,5,5,1126,1977,160000
1136,1332.0,970,872,2468,12099,5,8,1136,2004,354000
988,0.0,938,540,988,21453,5,6,938,1969,180000
1052,0.0,1016,288,1052,8400,5,5,1052,1968,138500
572,524.0,0,0,1096,9600,5,6,572,1924,79000
1141,0.0,0,484,1141,13072,5,6,1141,2005,142500
1012,778.0,247,484,1790,10400,5,6,732,1972,165150
1004,848.0,668,660,1852,9066,5,8,1004,1999,230000
520,0.0,490,0,754,6780,8,6,520,1935,84500
624,720.0,0,513,1344,4571,5,5,624,1916,98000
2207,0.0,912,576,2207,19900,5,7,1947,1970,180000
1307,1051.0,0,360,2358,45600,8,6,907,1908,240000
1175,1540.0,575,831,2715,8963,9,8,1142,1976,299800
1364,0.0,659,484,1364,7052,5,7,1364,2005,185850
1253,0.0,0,402,1253,7875,5,7,1237,1995,176000
1328,0.0,569,528,1328,9790,5,6,1328,1963,143000
1422,0.0,0,286,1422,12342,5,5,978,1960,139900
1186,800.0,454,486,1986,13600,6,7,768,1965,205000
952,0.0,0,192,952,8854,6,6,952,1916,121000
1660,0.0,1220,500,1660,10182,5,8,1660,2006,290000
2234,0.0,1904,1166,2234,17423,5,9,2216,2008,501837
790,0.0,384,160,790,6292,5,6,768,1930,91000
1340,0.0,24,396,1340,8899,5,7,1340,2007,181134
1610,0.0,1200,480,1610,10603,7,6,1610,1977,205000
1361,1259.0,498,600,2620,18890,5,5,1361,1977,190000
1248,0.0,16,438,1248,3010,5,7,1248,2005,167240
912,0.0,832,288,912,6768,8,6,912,1961,142000
943,348.5240174672489,828,472,1638,9042,5,6,943,1998,192000
1622,0.0,1159,1356,1622,32463,4,4,1249,1961,168000
1436,884.0,774,180,2320,7259,8,6,1028,1945,259500
1144,0.0,572,456,1144,7875,6,5,1144,1961,139950
848,672.0,182,281,1520,4500,5,5,793,1932,159434
1516,0.0,196,472,1516,10004,6,6,1516,1964,167000
1498,0.0,0,675,1498,8990,5,7,1498,2006,204900
804,1157.0,690,560,1961,12209,5,6,804,2001,215000
728,728.0,0,440,1456,11103,5,7,728,2006,155835
1207,1196.0,0,349,2403,24090,7,7,1032,1940,244400
1944,0.0,1274,708,1944,12378,5,9,1896,2003,360000
1368,0.0,0,474,1368,6955,5,7,1368,2005,202500
882,908.0,633,588,1790,9179,5,7,873,1999,193000
1476,1237.0,1330,858,2713,14948,5,9,1452,2008,446261
720,551.0,0,312,1271,21286,5,5,720,1948,135000
1872,348.5240174672489,929,604,1872,10400,5,7,1845,1988,241500
1190,900.0,828,577,2090,5062,5,7,1190,1984,207500
882,914.0,706,546,1796,9531,5,6,794,1998,211000
1302,0.0,0,436,1302,8993,5,7,1302,2007,176485
2524,0.0,1104,542,2524,9600,5,8,2524,1981,278000
840,534.0,315,338,1374,5400,6,4,840,1920,105000
764,862.0,567,474,1626,2268,5,7,764,2003,173000
735,299.0,0,240,1034,10134,6,5,735,1940,109000
1518,348.5240174672489,1218,588,1518,12677,5,8,1518,2003,274000
1226,592.0,224,240,1818,7758,4,7,1040,1931,169500
1661,0.0,0,598,1661,12137,5,7,1649,1998,224900
1096,895.0,297,432,1991,11275,7,6,854,1932,220000
832,650.0,624,324,1482,9000,9,7,650,1920,143000
1742,0.0,1148,564,1742,6563,5,8,1742,1985,275000
686,564.0,0,280,1250,8248,7,5,686,1918,116000
816,0.0,0,528,1176,6240,6,6,816,1934,114500
927,988.0,789,506,1915,10041,5,8,908,1992,220000
1192,403.0,388,240,1595,8400,5,6,940,1940,140000
1661,0.0,831,377,1661,9600,6,6,992,1955,165500
832,1103.0,544,552,1935,8004,5,8,832,2009,263435
1795,0.0,0,534,1795,9742,5,8,1777,2002,230000
847,1081.0,0,434,1928,8200,5,7,847,2003,219500
1159,0.0,673,336,1159,11553,5,5,1051,1968,158000
855,601.0,311,440,1456,2280,5,6,855,1978,146000
1137,817.0,341,431,1954,15660,9,7,798,1939,311500
2028,0.0,1460,880,2028,11443,5,8,1868,2005,369900
2898,0.0,1165,665,2898,15498,6,8,1565,1976,287000
814,860.0,533,663,1674,7500,5,7,814,2000,216000
974,0.0,212,0,974,10712,5,5,974,1991,93500
1091,898.0,932,586,1989,11367,5,8,1065,2002,255000
1080,1017.0,50,678,2097,11228,5,7,1080,1993,228000
1442,0.0,0,500,1442,11851,5,7,1424,1990,180500
1130,348.5240174672489,821,720,1130,10800,6,5,1120,1920,120000
1133,687.0,329,240,1820,9120,6,7,1026,1925,184000
1378,741.0,0,583,2119,10448,6,6,689,1972,158000
1264,1312.0,0,666,2576,12438,5,8,1234,2006,361919
780,240.0,0,0,1020,6342,8,5,780,1875,94000
1095,679.0,0,779,1774,9600,2,4,1095,1900,87000
904,0.0,350,0,904,10020,1,1,683,1922,61000
673,709.0,641,490,1382,2651,5,7,673,2000,165000
1518,1518.0,0,840,3608,22950,9,10,1107,1892,475000
1178,1032.0,0,205,2210,9900,4,6,1008,1880,117500
806,766.0,0,373,1572,10364,5,6,806,1995,168000
1824,0.0,1219,739,1824,115149,5,7,1643,1971,302000
1056,0.0,775,304,1056,8450,6,5,1056,1968,142000
949,272.0,392,392,1221,9738,7,5,784,1924,104900
1362,0.0,288,504,1362,10197,5,6,1362,1961,163000
848,0.0,697,420,848,4426,5,6,848,2004,141000
1434,0.0,20,527,1434,8529,5,7,1454,2001,189000
1208,348.5240174672489,664,628,1208,6762,5,7,1208,2007,195400
1096,370.0,626,566,1466,10800,8,5,796,1936,170000
1987,0.0,1314,691,1987,14303,5,8,1986,1994,301500
1325,1093.0,1173,983,2418,10542,5,7,1311,1993,341000
1314,0.0,904,626,1314,5063,5,7,1314,2007,207500
970,739.0,0,380,1709,2522,5,7,970,2004,137500
672,546.0,0,0,1218,1680,5,6,672,1971,91500
1440,1440.0,256,0,3395,10896,7,6,1440,1914,200000
1200,0.0,1200,0,1200,10800,5,5,1200,1987,179000
912,0.0,111,297,912,7535,7,5,912,1958,120000
2444,1872.0,1455,832,4316,21535,6,10,2444,1994,755000
856,854.0,706,548,1710,8450,5,7,856,2003,208500
1234,1140.0,0,656,2374,11999,5,8,1181,2003,285000
860,704.0,275,234,1564,12000,7,7,704,1941,174500
1466,0.0,176,528,1466,17755,4,5,1466,1959,149900
1383,0.0,565,292,1383,11600,5,6,1383,1960,145250
1535,0.0,0,410,1535,7018,5,5,0,1979,118964
990,0.0,716,576,990,13568,5,5,990,1995,156000
918,728.0,364,240,1646,7128,5,7,918,1941,164000
908,1020.0,0,440,1928,9142,8,6,1020,1910,137000
1040,685.0,315,550,1725,11584,6,7,539,1979,197000
2129,743.0,700,541,2872,10678,5,8,1683,1992,285000
1092,1020.0,500,576,2112,11075,5,6,952,1969,206900
757,567.0,672,240,1324,6000,6,4,672,1936,128000
520,600.0,0,480,1200,3180,5,7,600,2005,144152
672,672.0,456,468,1344,10690,7,5,672,1920,147000
840,828.0,0,500,1668,11317,5,7,840,2003,180000
1040,0.0,0,400,1040,8544,4,3,0,1950,93500
900,0.0,234,576,900,7200,7,5,900,1951,134800
1559,0.0,338,812,1559,8100,6,5,1559,1948,153500
948,0.0,492,248,948,10215,5,4,864,1954,111000
923,348.5240174672489,543,264,923,8012,5,6,923,1980,143000
1552,0.0,24,782,1552,10084,5,7,1552,2005,212900
961,348.5240174672489,216,642,1717,9550,5,7,756,1915,140000
1721,0.0,570,440,1721,10335,6,5,1461,1968,180000
483,504.0,330,264,987,1680,5,6,483,1973,100000
1200,0.0,334,521,1200,11249,5,6,1200,1995,177500
1148,568.0,292,281,1716,11409,4,5,768,1949,131000
894,0.0,553,336,894,8450,8,5,894,1965,138500
1771,0.0,0,336,1771,21750,4,5,0,1960,115000
1173,0.0,885,528,1173,10625,6,7,1053,1974,170000
1287,0.0,72,576,1287,9830,7,5,1063,1959,162000
1382,0.0,547,459,1382,11235,5,4,1051,1963,148000
1214,1306.0,565,721,2520,9950,5,7,1203,1995,290000
1215,0.0,585,297,1215,12400,7,6,1215,1958,155000
1203,1323.0,740,844,2526,10120,5,8,1165,1994,290000
600,600.0,0,480,1200,3182,5,7,600,2004,151000
1728,0.0,1606,560,1728,9297,5,5,1728,1976,188000
902,808.0,0,480,1710,10300,6,7,576,1921,140000
1407,985.0,1074,870,2392,9452,5,8,1396,1997,348000
1014,730.0,402,457,1744,9453,7,7,996,1993,194500
822,843.0,0,562,1665,8125,6,7,813,2007,205950
1282,1414.0,984,792,2696,9965,5,7,1264,2007,383970
864,0.0,616,528,864,9000,6,4,864,1971,120500
672,0.0,344,234,672,9340,6,4,672,1941,113000
1320,0.0,328,564,1320,11777,6,5,1164,1966,164500
958,348.5240174672489,120,440,958,4928,5,6,1078,1976,128000
1710,0.0,0,550,1710,12118,5,7,1710,2004,240000
1265,0.0,633,502,1265,9350,8,5,1219,1965,179900
1456,0.0,0,400,1456,3196,5,8,1273,2003,215000
1067,472.0,0,576,1539,6120,6,5,927,1936,141500
1959,0.0,0,766,1959,11070,5,7,1907,1988,171000
1008,0.0,0,0,1522,6000,5,5,1008,1926,102000
1124,0.0,0,0,1124,8335,5,5,0,1954,93000
1107,983.0,859,484,2090,10382,6,7,1107,1973,200000
1214,0.0,698,461,1214,9170,7,5,1214,1965,140000
1779,0.0,306,454,1779,17920,4,5,1763,1955,170000
1629,0.0,1300,808,1629,14536,5,8,1616,2002,270000
1554,0.0,24,627,1554,4590,5,8,1554,2006,209500
993,1243.0,0,642,2236,13006,5,7,964,1997,222000
796,0.0,0,0,796,3636,4,4,796,1922,55000
840,840.0,0,308,1680,15576,7,6,840,1915,177000
848,0.0,686,420,848,4435,5,6,848,2003,136500
1142,0.0,874,528,1142,4224,5,5,1142,1976,134000
1252,0.0,429,564,1252,13500,7,6,1602,1960,235000
1684,0.0,28,564,1684,8849,5,9,1684,2005,266000
2000,0.0,1464,888,2000,10386,5,8,2000,2004,305900
1616,0.0,0,834,1616,8688,5,7,1616,2005,232000
1299,573.0,990,531,1872,11885,5,8,1299,2001,261500
1042,534.0,0,225,1576,6240,6,5,1042,1928,149000
1175,807.0,421,575,1982,11287,6,7,807,1989,228500
988,0.0,534,276,988,7200,7,5,876,1950,119000
1844,0.0,976,620,1844,10994,5,8,1844,2005,257000
1258,0.0,656,528,1258,11040,7,6,1258,1971,145000
1288,0.0,786,500,1288,14963,5,8,1260,1996,245500
1634,0.0,0,866,1634,11428,5,8,1626,2006,250000
855,348.5240174672489,257,440,1322,2308,5,6,855,1974,147000
707,707.0,0,403,1414,9056,5,8,707,2004,178000
1504,0.0,690,478,1504,11883,5,7,1504,1996,203000
1670,0.0,0,690,1670,14859,5,7,1670,2006,240000
1516,651.0,125,518,2167,17542,7,7,1192,1974,294000
1069,0.0,559,440,1069,4043,6,6,1069,1977,140000
1072,0.0,547,525,1072,3675,5,6,547,2005,140000
1572,0.0,1159,995,1572,35133,4,5,1572,1963,186700
1188,561.0,1088,456,1869,8820,6,5,1088,1890,124900
882,0.0,0,0,882,5500,6,4,882,1956,103200
1922,0.0,1249,676,1922,14157,5,9,1922,2005,377426
780,0.0,632,352,780,7200,7,5,780,1972,124900
1021,580.0,0,300,1601,13825,6,5,533,1958,140000
1530,0.0,1274,430,1530,16158,5,7,1530,2005,260000
833,0.0,625,0,833,8780,5,5,833,1985,112000
679,504.0,331,308,1183,6000,7,3,649,1948,120000
1040,0.0,659,260,1040,6897,8,5,1040,1962,127000
1466,1362.0,1150,1052,2828,9965,5,8,1466,2006,424870
1032,220.0,280,288,1252,9600,5,6,1032,1950,119000
1246,0.0,340,305,1246,7500,7,5,1246,1959,154000
904,0.0,0,180,904,6000,7,6,884,1926,119000
966,686.0,686,416,1652,10800,6,5,686,1915,139000
1036,0.0,375,288,1268,12144,7,5,832,1949,133000
1172,741.0,0,342,1913,7558,6,6,896,1928,177000
1358,348.5240174672489,733,484,1358,6371,5,7,1358,2009,224000
1657,0.0,1237,484,1657,12155,3,6,1657,1970,163500
838,0.0,210,275,838,10267,7,6,816,1918,130000
1022,1038.0,772,390,2060,8755,5,7,992,1999,214000
764,862.0,573,474,1626,2448,5,7,764,2003,154000
663,689.0,371,299,1352,9364,7,6,663,1969,158000
968,408.0,368,240,1376,9492,5,5,768,1941,105000
849,811.0,326,240,1660,11988,7,6,715,1934,188700
616,796.0,0,432,1412,8499,5,6,616,2006,156932
756,713.0,0,216,1469,10320,7,6,756,1906,135000
774,656.0,0,400,1430,9967,5,7,384,2000,170000
1094,0.0,500,495,1094,10452,5,6,1094,1953,155000
1826,0.0,1422,758,1826,11302,5,8,1814,2005,319000
672,252.0,0,576,924,8064,7,5,672,1949,122900
1502,0.0,368,528,1502,6820,5,8,1488,1985,212000
616,1072.0,462,603,1688,12798,5,6,616,1997,200000
1262,0.0,905,572,1262,7200,5,6,1262,2006,185000
1905,0.0,0,788,1905,11670,5,9,1905,2006,320000
1153,878.0,252,541,2031,11404,5,7,1153,1998,222500
1350,0.0,0,478,1350,10140,5,6,1064,1974,165000
941,888.0,483,613,1829,9548,6,7,941,2003,237000
965,0.0,641,300,965,7800,5,5,828,1965,119900
672,252.0,348,280,924,12180,4,4,672,1941,80000
1055,1208.0,0,905,2263,9240,5,8,1055,2001,287000
1236,872.0,626,540,2108,13728,7,6,1127,1935,235000
1242,0.0,916,528,1242,9600,6,7,1242,1973,175500
989,584.0,0,240,1573,6120,7,4,884,1935,133000
884,1151.0,0,434,2035,9505,5,7,884,2001,222500
1232,0.0,660,516,1232,11120,6,6,1232,1984,162500
1098,866.0,403,483,1964,10480,6,7,803,1976,205000
792,348.0,0,0,1140,8800,7,4,576,1910,96500
894,0.0,702,450,894,9764,7,5,894,1967,130000
1512,1142.0,619,619,2654,11029,7,6,1054,1968,250000
768,0.0,660,396,768,7200,8,5,768,1972,133900
672,348.5240174672489,0,0,912,6240,5,4,0,1947,80500
1040,1040.0,650,504,2080,11606,5,5,1040,1969,135000
1040,0.0,732,576,1040,12464,5,5,1040,1996,152000
1149,467.0,370,216,1616,5400,7,6,1149,1926,152000
1047,0.0,0,273,1047,10800,7,4,641,1885,100000
1803,0.0,168,484,1803,13125,4,5,1134,1957,155000
832,0.0,0,528,832,7227,6,6,832,1954,105500
894,0.0,180,384,894,7094,5,5,894,1966,125000
596,596.0,0,189,1192,6402,5,5,596,1920,78000
1850,0.0,1261,772,1850,16033,5,9,1833,2004,326000
899,0.0,450,288,899,7800,7,5,864,1967,130000
892,0.0,340,264,892,9477,5,5,864,1966,110000
1260,1031.0,1046,506,2291,7200,6,6,1214,1910,133900
1075,1063.0,0,360,2138,8100,5,5,849,1898,106000
926,678.0,0,470,1604,10839,5,6,926,1997,181000
887,1134.0,0,422,2021,23257,5,7,868,2006,274725
938,0.0,280,308,938,9200,6,5,938,1975,130250
912,514.0,0,216,1426,7642,8,7,912,1918,189950
928,992.0,220,400,1920,11345,5,5,928,1948,137000
1098,0.0,902,260,1098,7390,7,5,1098,1955,135000
729,0.0,0,0,729,4130,6,3,270,1935,52000
1252,0.0,0,528,1252,10721,6,6,1252,1959,142000
1584,0.0,0,792,1584,8944,5,5,1584,1967,124000
1506,0.0,0,592,1506,14587,5,9,1498,2008,264132
1709,0.0,1238,506,1709,5119,5,9,1698,1999,328900
1092,0.0,895,299,1092,14850,5,5,1092,1957,141000
1746,0.0,1320,758,1746,14892,5,9,1746,2006,377500
1304,983.0,603,667,2287,15593,4,7,1304,1953,225000
789,0.0,0,200,789,10594,5,5,768,1926,96500
1041,0.0,991,270,1041,9600,6,5,1041,1959,124500
993,915.0,0,431,1908,14191,5,8,967,2002,202900
1010,1257.0,0,390,2267,8068,5,6,1010,2002,200000
875,0.0,209,180,875,6120,7,5,715,1931,105000
1526,0.0,383,364,1526,8562,6,5,1216,1957,144500
1567,0.0,1567,714,1567,9819,5,6,1567,1977,196000
1734,1088.0,0,1020,2822,13891,5,9,1734,2008,582933
689,689.0,141,360,1378,9600,9,7,689,1928,161000
1281,457.0,0,368,1738,12513,4,4,715,1920,104900
1164,896.0,831,521,2060,10029,5,6,1151,1988,211000
1128,0.0,812,286,1128,9000,5,5,936,1954,118000
840,880.0,0,440,1720,8244,5,7,840,2004,183500
1050,0.0,504,338,1050,9600,6,5,1050,1956,128900
1114,0.0,814,576,1114,13695,5,6,1114,2003,155000
1053,348.5240174672489,567,750,1053,8973,7,5,1008,1958,150000
1593,0.0,1153,682,1593,4923,5,8,1593,2001,286000
1214,348.5240174672489,695,318,1214,10355,5,5,1214,1967,143000
816,0.0,641,264,816,6600,9,5,816,1982,130500
1535,0.0,0,400,1535,7018,5,5,0,1979,118858
1360,1360.0,1036,795,3112,25419,4,8,1360,1918,235000
1079,840.0,0,685,1919,15611,5,8,1079,2006,233230
1097,0.0,0,672,1097,10859,5,5,1097,1994,145000
983,767.0,660,423,1750,12508,7,6,983,1940,160000
483,504.0,0,288,987,1680,5,6,483,1972,94500
981,0.0,282,576,981,10530,5,6,981,1971,143250
1700,0.0,1018,447,1700,10552,5,5,1398,1959,165500
816,0.0,708,308,816,7100,7,5,816,1957,129900
944,896.0,666,622,1840,12420,5,7,944,2001,230000
1291,1230.0,837,576,2521,3964,4,6,942,1973,151400
1002,0.0,828,902,1002,8750,6,5,1002,1970,148500
841,348.5240174672489,0,294,841,8400,4,4,721,1950,82000
996,0.0,747,564,996,9069,6,6,936,1992,147000
1713,0.0,1088,856,1713,9591,5,8,1713,2004,274900
1412,0.0,1005,576,1412,11457,5,6,1392,1988,175000
1236,0.0,600,923,1236,7407,7,6,912,1957,149700
1040,0.0,633,648,1040,25286,5,4,1064,1963,132250
1616,0.0,1180,608,1616,5389,5,8,1595,1995,236500
1414,0.0,528,601,1414,11029,8,6,1184,1958,176500
975,975.0,649,576,1950,7399,5,7,975,1997,239000
1086,0.0,320,490,1086,10200,7,5,1086,1954,144900
1072,504.0,1309,528,1576,21384,6,5,1324,1923,223500
768,0.0,619,624,768,7244,7,5,768,1970,129500
1381,0.0,982,676,1381,9360,7,6,1161,1972,197500
1284,885.0,0,647,2169,9375,5,8,1284,2002,228500
720,348.5240174672489,0,287,720,6627,6,3,0,1949,72500
1584,1208.0,493,520,2792,10440,7,6,1510,1920,256000
936,0.0,0,576,936,6000,4,4,936,1953,93000
1181,0.0,920,588,1181,10012,5,4,1138,1972,137500
1689,0.0,0,954,1689,9849,6,7,1689,2007,248328
948,0.0,732,280,948,8190,6,4,948,1954,119000
756,756.0,420,440,1512,2117,5,6,756,2000,168500
894,0.0,492,450,894,8724,5,5,894,1968,129000
932,920.0,822,644,1852,8640,5,7,900,2009,252678
845,0.0,0,290,845,11500,3,4,0,1957,84000
774,0.0,544,0,774,4270,6,3,544,1931,79000
2053,1185.0,816,666,3238,14720,5,8,2033,1995,410000
1232,348.5240174672489,724,632,1232,7314,5,7,1232,2007,194500
1164,0.0,0,528,1164,9600,5,7,1164,1969,140000
912,336.0,324,160,1248,9439,5,5,912,1930,87000
1687,0.0,353,572,1687,57200,5,5,747,1948,160000
860,1100.0,625,440,1960,7851,5,6,860,2002,216500
546,348.5240174672489,273,286,1092,2217,4,4,546,1970,88000
894,0.0,552,400,894,9450,5,4,894,1954,110000
1479,0.0,1013,558,1479,10665,5,7,1453,2003,226000
1060,0.0,188,270,1060,8246,8,5,1060,1968,154000
1436,0.0,946,484,1436,8450,5,7,1436,2004,210000
1044,0.0,0,504,1044,8712,5,5,540,1952,55993
880,888.0,390,320,1768,10800,7,7,880,1914,163000
816,0.0,538,432,816,5890,8,6,816,1930,120500
774,656.0,250,400,1430,7750,5,7,384,2000,180000
1867,0.0,379,303,1867,10708,5,5,1617,1955,190000
1500,0.0,1070,648,1500,4045,5,7,1356,2006,246578
1100,0.0,419,312,1100,12493,5,4,1100,1960,141000
816,0.0,546,264,816,8314,7,5,816,1982,124500
1328,348.5240174672489,967,308,1328,16905,6,5,1350,1959,170000
1728,568.0,1338,842,2296,13478,5,10,1722,2008,451950
864,0.0,167,572,864,8172,7,5,864,1955,115000
1266,0.0,0,453,1266,7500,5,7,1257,2005,176000
858,348.5240174672489,614,0,858,8125,4,4,858,1971,88000
832,878.0,426,506,1710,9291,5,6,832,1993,187000
772,351.0,0,264,1123,6060,5,4,732,1939,100000
953,694.0,0,460,1647,7917,5,6,953,1999,175000
874,0.0,510,288,874,9858,6,5,864,1968,130000
1788,0.0,0,522,1788,11838,5,8,1753,2001,236500
1839,348.5240174672489,1186,416,1839,14442,7,6,1477,1957,257500
1088,780.0,381,484,1868,10304,7,5,780,1976,197500
1712,0.0,528,588,1712,8393,5,5,1626,1959,145000
561,668.0,285,462,1229,1300,6,6,561,1980,124000
1600,0.0,0,890,1600,14230,5,8,1566,2007,256300
916,684.0,0,460,1600,8773,5,6,916,1997,169000
896,448.0,0,240,1344,6240,4,5,896,1936,115000
1126,0.0,767,540,1126,15611,6,5,1126,1977,175000
923,0.0,658,264,923,6951,5,5,876,1984,119500
616,0.0,616,205,616,6000,7,5,616,1921,89000
1800,0.0,0,0,1800,8000,4,5,1800,1961,141000
1505,0.0,1024,505,1505,12160,4,6,1505,1953,149500
1647,0.0,1283,621,1647,12984,6,5,1430,1977,217500
1132,0.0,1024,451,1132,7024,5,4,1132,2005,176000
928,836.0,821,470,1764,15426,5,6,928,1997,231500
1088,441.0,0,240,1529,8405,3,4,0,1945,98000
1699,748.0,0,336,2447,9638,7,6,804,1919,169000
1504,0.0,16,457,1504,3182,5,7,1346,2005,181000
1163,0.0,256,220,1163,5820,8,3,1162,1955,126175
769,756.0,436,440,1525,2117,5,6,756,2000,177000
935,0.0,560,288,935,13526,6,5,935,1965,137000
813,0.0,0,270,813,5684,8,6,813,1930,110000
1112,896.0,603,230,2008,7800,8,5,896,1948,225000
1532,797.0,1085,514,2329,11839,5,7,1475,1990,262280
910,648.0,420,282,1558,13710,5,5,910,1950,152000
832,832.0,194,528,1664,10140,5,7,832,1976,162900
2110,0.0,1065,522,2110,11160,5,7,2110,1968,244000
905,881.0,648,684,1786,9337,5,6,824,1997,204750
925,550.0,548,336,1475,2665,6,5,757,1977,127000
811,576.0,0,256,1387,6000,4,5,811,1954,93000
976,732.0,0,380,1708,3363,5,7,976,2004,130000
1085,649.0,600,440,1734,9786,7,6,912,1962,159000
1766,648.0,664,520,2414,10800,4,5,954,1900,160000
933,975.0,642,493,1908,8750,5,7,915,1994,210000
1283,0.0,504,506,1283,7763,7,5,931,1962,140000
1212,0.0,0,573,1212,9100,5,7,1212,2001,178000
952,596.0,0,672,1548,7264,7,7,952,1925,205000
980,348.5240174672489,400,384,980,9750,5,5,980,1967,135500
1811,348.5240174672489,296,470,1811,14115,7,6,1073,1956,230000
1056,0.0,1056,384,1056,8900,4,4,1056,1966,107000
1234,0.0,0,484,1234,11049,5,8,1234,2007,179900
630,672.0,0,440,1302,2016,5,5,630,1970,106000
1035,371.0,0,0,1406,7920,7,6,319,1920,89500
858,0.0,685,576,858,7252,5,5,858,1982,134900
1182,1142.0,998,736,2324,11924,5,9,1175,2005,345000
910,0.0,0,414,910,8892,7,5,105,1953,116000
798,813.0,674,442,1611,9760,6,6,780,1964,167900
684,876.0,0,400,1560,11911,5,6,684,2005,174000
2020,0.0,0,630,2020,8400,5,5,0,1977,144000
1338,0.0,616,582,1338,4920,5,8,1338,2001,213500
1188,0.0,593,312,1188,26142,7,5,1188,1962,157900
1459,0.0,0,527,1459,8749,5,7,1459,2002,192000
1306,954.0,1201,533,2260,14000,5,7,1306,1996,328000
1430,0.0,0,605,1430,16285,5,7,1413,2001,187100
996,0.0,290,0,996,13907,6,5,996,1940,108000
1092,0.0,787,504,1092,8250,7,6,1092,1964,145000
625,625.0,0,625,1250,4017,5,7,625,2006,171900
864,864.0,0,572,1728,9313,5,7,864,2004,190000
924,0.0,0,280,924,7990,6,5,924,1975,110000
1199,0.0,300,530,1199,7892,5,6,1199,1993,153900
948,0.0,0,300,948,8978,5,5,948,1968,108000
925,0.0,338,429,925,9100,6,5,925,1965,117500
835,0.0,108,366,835,10625,5,5,458,1920,83000
1580,886.0,0,610,2466,11143,5,8,1580,2004,340000
1216,941.0,445,487,2157,14200,6,7,924,1966,226000
1060,0.0,840,572,1060,4224,7,5,1040,1976,129900
2633,0.0,1282,804,2633,11400,5,10,2633,2001,466500
1048,348.5240174672489,0,280,1048,6380,6,5,993,1922,113000
953,711.0,0,460,1664,8121,5,6,953,2000,172400
784,0.0,0,360,784,9000,3,6,784,1928,76000
1279,0.0,641,473,1279,10125,6,6,1196,1977,171500
1229,0.0,1059,284,1229,17140,6,4,1134,1956,135000
1268,0.0,540,244,1268,7800,6,5,1268,1954,132000
1428,0.0,0,480,1428,11639,5,7,1428,2007,182000
1125,0.0,631,352,1125,7200,6,6,1041,1976,125000
1008,0.0,486,275,1008,11425,6,5,1008,1954,137000
1630,0.0,0,860,1630,10226,5,8,1622,2008,295493
864,864.0,503,673,1728,8791,5,6,864,2003,207500
1211,0.0,250,322,1211,8250,5,5,952,1968,134000
1040,0.0,369,286,1040,7560,5,5,1040,1959,133700
1707,0.0,0,511,1707,16669,6,8,1686,1981,228000
955,348.5240174672489,0,462,1632,9084,5,7,935,1998,176500
1392,0.0,1302,528,1392,11341,6,5,1392,1957,121500
1319,0.0,428,270,1319,10634,6,5,608,1953,123000
742,742.0,0,390,1484,12589,5,6,742,2005,174000
971,0.0,523,300,971,9920,6,5,971,1969,128500
1062,0.0,539,539,1062,11333,5,6,1029,1976,146800
980,0.0,945,0,980,9400,5,6,945,1975,127500
1405,0.0,0,478,1405,3136,5,7,1405,2003,171750
959,712.0,786,472,1671,10852,5,6,959,2000,173000
1074,0.0,788,495,1074,10140,6,5,1056,1975,153500
1547,720.0,0,672,2320,14762,6,5,0,1948,169000
918,0.0,0,264,918,7892,5,6,918,1979,99500
1437,0.0,1157,528,1437,10768,8,5,1437,1976,218000
1069,0.0,360,440,1069,4043,5,6,1069,1977,127500
829,727.0,298,441,1556,11700,6,6,727,1968,154000
824,1070.0,624,510,1894,11316,5,7,817,2002,214900
1973,0.0,0,895,1973,14226,5,8,1935,2006,395000
1898,1080.0,0,564,2978,11275,7,7,710,1967,242000
848,0.0,662,420,848,4438,5,6,848,2004,149000
804,670.0,0,400,1474,8530,5,7,384,1995,168500
1056,0.0,480,260,1056,9250,7,5,1056,1954,139400
902,0.0,301,484,902,8885,5,5,864,1983,131000
1032,0.0,605,564,1032,10395,6,6,1032,1978,148000
1077,0.0,0,338,1077,8967,2,5,961,1920,67000
1235,0.0,600,480,1235,8500,3,5,1235,1961,98600
1442,0.0,738,719,1442,10357,5,7,910,1990,179900
483,504.0,387,264,987,1680,5,6,483,1971,85400
1004,0.0,975,504,1004,10530,5,6,975,1977,135000
1006,0.0,288,0,1006,9000,3,5,1006,1959,80000
936,780.0,210,0,1716,5687,6,5,780,1912,135900
860,348.5240174672489,0,565,1720,11645,5,7,860,2004,196500
960,0.0,250,308,960,6000,4,4,960,1920,108500
1604,0.0,1334,660,1604,8814,5,7,1604,2006,220000
2217,0.0,351,621,2217,15865,6,8,2217,1970,268000
1844,0.0,1110,540,1844,16381,5,6,1844,1969,223000
799,772.0,0,380,1571,7837,7,6,799,1993,178000
1479,0.0,0,577,1479,9382,5,7,1468,1999,191000
1619,167.0,1249,529,1786,164660,6,5,1499,1965,228950
1632,0.0,620,338,1632,9600,6,6,1240,1958,139000
866,902.0,20,578,1768,10769,5,8,866,2007,212000
1096,0.0,75,299,1096,15870,5,5,1096,1969,138800
1236,857.0,0,542,2093,20544,6,7,791,1986,215000
660,688.0,512,453,1348,7590,5,6,660,1966,155000
728,728.0,648,410,1456,8199,5,7,728,2005,189000
1600,0.0,1277,319,1600,16321,6,5,1484,1957,207500
1700,0.0,340,544,1700,9135,5,6,1682,2003,200000
808,785.0,0,389,1593,9636,5,6,808,1992,178000
1363,0.0,650,288,1363,14559,7,5,1008,1951,164900
855,586.0,311,440,1441,2289,6,6,855,1978,148500
1710,0.0,1400,866,1710,13891,5,8,1710,2007,372402
1222,888.0,695,463,2110,8880,5,7,948,1994,205000
725,754.0,533,475,1479,13517,8,6,725,1976,130500
767,0.0,584,367,767,4058,5,7,723,1998,133000
664,348.5240174672489,554,426,1496,17104,5,7,654,2006,179665
1567,0.0,1154,648,1567,3982,5,8,1520,2006,264561
1148,0.0,210,308,1148,6420,7,5,980,1952,123500
1120,850.0,0,753,1970,11065,5,8,1085,2006,281000
1453,1357.0,482,750,2810,9572,5,8,1453,1990,302000
1470,348.5240174672489,986,696,2630,9200,5,8,1470,1998,315000
1105,1169.0,443,480,2274,11600,5,5,1105,1960,154300
1261,0.0,662,433,1261,9120,6,6,1261,1958,163000
1486,0.0,637,480,1486,9937,7,5,1486,1964,167000
773,0.0,570,240,773,7677,5,5,773,1953,110000
1537,0.0,0,462,1537,8400,9,6,1319,1962,174000
866,913.0,0,546,1779,10400,5,7,866,1998,197900
1225,0.0,569,0,1225,9320,5,4,950,1959,128950
848,0.0,659,420,848,4435,5,6,848,2003,131500
780,596.0,0,198,1376,8600,6,6,780,1937,119500
742,729.0,381,440,1471,3230,5,6,729,1999,172500
869,0.0,0,0,869,5900,7,4,440,1923,85500
729,729.0,419,440,1458,3230,5,6,729,1999,176000
894,0.0,762,440,894,13350,5,5,864,1974,142500
885,833.0,0,427,1718,10141,5,7,832,1998,185000
1701,0.0,1390,611,1701,16647,5,5,1390,1975,171000
864,0.0,600,576,864,12735,5,4,864,1972,111250
1094,761.0,0,512,1855,9600,7,6,528,1976,187000
1651,0.0,1398,616,1651,12416,5,6,1606,1986,184000
612,612.0,0,528,1224,3951,5,6,612,2009,164500
928,0.0,308,288,928,6000,6,5,928,1957,112500
372,720.0,0,0,1092,5600,5,4,0,1930,55000
832,809.0,16,546,1641,9600,7,7,728,1925,178000
708,708.0,404,776,1416,11700,6,6,708,1968,179900
1058,846.0,546,736,1904,10927,5,8,1058,2005,275000
936,0.0,248,308,936,5868,7,5,936,1956,129000
716,840.0,81,452,1556,1950,6,6,716,1980,151000
864,0.0,120,400,864,19138,5,4,864,1951,141000
1654,0.0,986,900,1654,8125,5,7,1654,2002,230000
1416,0.0,0,576,1416,25339,7,5,816,1918,112000
1268,1097.0,1163,856,2365,9430,5,8,1252,1999,337000
1067,0.0,442,436,1067,9600,7,4,1067,1950,128000
1318,584.0,0,539,1902,8930,5,6,0,1978,112000
1557,0.0,0,420,1557,3196,5,7,1374,2003,234000
1195,644.0,0,486,1839,16770,5,7,1195,1998,221000
